:ID,id:STRING
0,"N0"
1,"N1"
2,"N2"
3,"N3"
4,"N4"
5,"N5"
6,"N6"
7,"N7"
8,"N8"
9,"N9"
10,"N10"
11,"N11"
12,"N12"
13,"N13"
14,"N14"
15,"N15"
16,"N16"
17,"N17"
18,"N18"
19,"N19"
20,"N20"
21,"N21"
22,"N22"
23,"N23"
24,"N24"
25,"N25"
26,"N26"
27,"N27"
28,"N28"
29,"N29"
30,"N30"
31,"N31"
32,"N32"
33,"N33"
34,"N34"
35,"N35"
36,"N36"
37,"N37"
38,"N38"
39,"N39"
40,"N40"
41,"N41"
42,"N42"
43,"N43"
44,"N44"
45,"N45"
46,"N46"
47,"N47"
48,"N48"
49,"N49"
50,"N50"
51,"N51"
52,"N52"
53,"N53"
54,"N54"
55,"N55"
56,"N56"
57,"N57"
58,"N58"
59,"N59"
60,"N60"
61,"N61"
62,"N62"
63,"N63"
64,"N64"
65,"N65"
66,"N66"
67,"N67"
68,"N68"
69,"N69"
70,"N70"
71,"N71"
72,"N72"
73,"N73"
74,"N74"
75,"N75"
76,"N76"
77,"N77"
78,"N78"
79,"N79"
80,"N80"
81,"N81"
82,"N82"
83,"N83"
84,"N84"
85,"N85"
86,"N86"
87,"N87"
88,"N88"
89,"N89"
90,"N90"
91,"N91"
92,"N92"
93,"N93"
94,"N94"
95,"N95"
96,"N96"
97,"N97"
98,"N98"
99,"N99"
100,"N100"
101,"N101"
102,"N102"
103,"N103"
104,"N104"
105,"N105"
106,"N106"
107,"N107"
108,"N108"
109,"N109"
110,"N110"
111,"N111"
112,"N112"
113,"N113"
114,"N114"
115,"N115"
116,"N116"
117,"N117"
118,"N118"
119,"N119"
120,"N120"
121,"N121"
122,"N122"
123,"N123"
124,"N124"
125,"N125"
126,"N126"
127,"N127"
128,"N128"
129,"N129"
130,"N130"
131,"N131"
132,"N132"
133,"N133"
134,"N134"
135,"N135"
136,"N136"
137,"N137"
138,"N138"
139,"N139"
140,"N140"
141,"N141"
142,"N142"
143,"N143"
144,"N144"
145,"N145"
146,"N146"
147,"N147"
148,"N148"
149,"N149"
150,"N150"
151,"N151"
152,"N152"
153,"N153"
154,"N154"
155,"N155"
156,"N156"
157,"N157"
158,"N158"
159,"N159"
160,"N160"
161,"N161"
162,"N162"
163,"N163"
164,"N164"
165,"N165"
166,"N166"
167,"N167"
168,"N168"
169,"N169"
170,"N170"
171,"N171"
172,"N172"
173,"N173"
174,"N174"
175,"N175"
176,"N176"
177,"N177"
178,"N178"
179,"N179"
180,"N180"
181,"N181"
182,"N182"
183,"N183"
184,"N184"
185,"N185"
186,"N186"
187,"N187"
188,"N188"
189,"N189"
190,"N190"
191,"N191"
192,"N192"
193,"N193"
194,"N194"
195,"N195"
196,"N196"
197,"N197"
198,"N198"
199,"N199"
200,"N200"
201,"N201"
202,"N202"
203,"N203"
204,"N204"
205,"N205"
206,"N206"
207,"N207"
208,"N208"
209,"N209"
210,"N210"
211,"N211"
212,"N212"
213,"N213"
214,"N214"
215,"N215"
216,"N216"
217,"N217"
218,"N218"
219,"N219"
220,"N220"
221,"N221"
222,"N222"
223,"N223"
224,"N224"
225,"N225"
226,"N226"
227,"N227"
228,"N228"
229,"N229"
230,"N230"
231,"N231"
232,"N232"
233,"N233"
234,"N234"
235,"N235"
236,"N236"
237,"N237"
238,"N238"
239,"N239"
240,"N240"
241,"N241"
242,"N242"
243,"N243"
244,"N244"
245,"N245"
246,"N246"
247,"N247"
248,"N248"
249,"N249"
250,"N250"
251,"N251"
252,"N252"
253,"N253"
254,"N254"
255,"N255"
256,"N256"
257,"N257"
258,"N258"
259,"N259"
260,"N260"
261,"N261"
262,"N262"
263,"N263"
264,"N264"
265,"N265"
266,"N266"
267,"N267"
268,"N268"
269,"N269"
270,"N270"
271,"N271"
272,"N272"
273,"N273"
274,"N274"
275,"N275"
276,"N276"
277,"N277"
278,"N278"
279,"N279"
280,"N280"
281,"N281"
282,"N282"
283,"N283"
284,"N284"
285,"N285"
286,"N286"
287,"N287"
288,"N288"
289,"N289"
290,"N290"
291,"N291"
292,"N292"
293,"N293"
294,"N294"
295,"N295"
296,"N296"
297,"N297"
298,"N298"
299,"N299"
300,"N300"
301,"N301"
302,"N302"
303,"N303"
304,"N304"
305,"N305"
306,"N306"
307,"N307"
308,"N308"
309,"N309"
310,"N310"
311,"N311"
312,"N312"
313,"N313"
314,"N314"
315,"N315"
316,"N316"
317,"N317"
318,"N318"
319,"N319"
320,"N320"
321,"N321"
322,"N322"
323,"N323"
324,"N324"
325,"N325"
326,"N326"
327,"N327"
328,"N328"
329,"N329"
330,"N330"
331,"N331"
332,"N332"
333,"N333"
334,"N334"
335,"N335"
336,"N336"
337,"N337"
338,"N338"
339,"N339"
340,"N340"
341,"N341"
342,"N342"
343,"N343"
344,"N344"
345,"N345"
346,"N346"
347,"N347"
348,"N348"
349,"N349"
350,"N350"
351,"N351"
352,"N352"
353,"N353"
354,"N354"
355,"N355"
356,"N356"
357,"N357"
358,"N358"
359,"N359"
360,"N360"
361,"N361"
362,"N362"
363,"N363"
364,"N364"
365,"N365"
366,"N366"
367,"N367"
368,"N368"
369,"N369"
370,"N370"
371,"N371"
372,"N372"
373,"N373"
374,"N374"
375,"N375"
376,"N376"
377,"N377"
378,"N378"
379,"N379"
380,"N380"
381,"N381"
382,"N382"
383,"N383"
384,"N384"
385,"N385"
386,"N386"
387,"N387"
388,"N388"
389,"N389"
390,"N390"
391,"N391"
392,"N392"
393,"N393"
394,"N394"
395,"N395"
396,"N396"
397,"N397"
398,"N398"
399,"N399"
400,"N400"
401,"N401"
402,"N402"
403,"N403"
404,"N404"
405,"N405"
406,"N406"
407,"N407"
408,"N408"
409,"N409"
410,"N410"
411,"N411"
412,"N412"
413,"N413"
414,"N414"
415,"N415"
416,"N416"
417,"N417"
418,"N418"
419,"N419"
420,"N420"
421,"N421"
422,"N422"
423,"N423"
424,"N424"
425,"N425"
426,"N426"
427,"N427"
428,"N428"
429,"N429"
430,"N430"
431,"N431"
432,"N432"
433,"N433"
434,"N434"
435,"N435"
436,"N436"
437,"N437"
438,"N438"
439,"N439"
440,"N440"
441,"N441"
442,"N442"
443,"N443"
444,"N444"
445,"N445"
446,"N446"
447,"N447"
448,"N448"
449,"N449"
450,"N450"
451,"N451"
452,"N452"
453,"N453"
454,"N454"
455,"N455"
456,"N456"
457,"N457"
458,"N458"
459,"N459"
460,"N460"
461,"N461"
462,"N462"
463,"N463"
464,"N464"
465,"N465"
466,"N466"
467,"N467"
468,"N468"
469,"N469"
470,"N470"
471,"N471"
472,"N472"
473,"N473"
474,"N474"
475,"N475"
476,"N476"
477,"N477"
478,"N478"
479,"N479"
480,"N480"
481,"N481"
482,"N482"
483,"N483"
484,"N484"
485,"N485"
486,"N486"
487,"N487"
488,"N488"
489,"N489"
490,"N490"
491,"N491"
492,"N492"
493,"N493"
494,"N494"
495,"N495"
496,"N496"
497,"N497"
498,"N498"
499,"N499"
500,"N500"
501,"N501"
502,"N502"
503,"N503"
504,"N504"
505,"N505"
506,"N506"
507,"N507"
508,"N508"
509,"N509"
510,"N510"
511,"N511"
512,"N512"
513,"N513"
514,"N514"
515,"N515"
516,"N516"
517,"N517"
518,"N518"
519,"N519"
520,"N520"
521,"N521"
522,"N522"
523,"N523"
524,"N524"
525,"N525"
526,"N526"
527,"N527"
528,"N528"
529,"N529"
530,"N530"
531,"N531"
532,"N532"
533,"N533"
534,"N534"
535,"N535"
536,"N536"
537,"N537"
538,"N538"
539,"N539"
540,"N540"
541,"N541"
542,"N542"
543,"N543"
544,"N544"
545,"N545"
546,"N546"
547,"N547"
548,"N548"
549,"N549"
550,"N550"
551,"N551"
552,"N552"
553,"N553"
554,"N554"
555,"N555"
556,"N556"
557,"N557"
558,"N558"
559,"N559"
560,"N560"
561,"N561"
562,"N562"
563,"N563"
564,"N564"
565,"N565"
566,"N566"
567,"N567"
568,"N568"
569,"N569"
570,"N570"
571,"N571"
572,"N572"
573,"N573"
574,"N574"
575,"N575"
576,"N576"
577,"N577"
578,"N578"
579,"N579"
580,"N580"
581,"N581"
582,"N582"
583,"N583"
584,"N584"
585,"N585"
586,"N586"
587,"N587"
588,"N588"
589,"N589"
590,"N590"
591,"N591"
592,"N592"
593,"N593"
594,"N594"
595,"N595"
596,"N596"
597,"N597"
598,"N598"
599,"N599"
600,"N600"
601,"N601"
602,"N602"
603,"N603"
604,"N604"
605,"N605"
606,"N606"
607,"N607"
608,"N608"
609,"N609"
610,"N610"
611,"N611"
612,"N612"
613,"N613"
614,"N614"
615,"N615"
616,"N616"
617,"N617"
618,"N618"
619,"N619"
620,"N620"
621,"N621"
622,"N622"
623,"N623"
624,"N624"
625,"N625"
626,"N626"
627,"N627"
628,"N628"
629,"N629"
630,"N630"
631,"N631"
632,"N632"
633,"N633"
634,"N634"
635,"N635"
636,"N636"
637,"N637"
638,"N638"
639,"N639"
640,"N640"
641,"N641"
642,"N642"
643,"N643"
644,"N644"
645,"N645"
646,"N646"
647,"N647"
648,"N648"
649,"N649"
650,"N650"
651,"N651"
652,"N652"
653,"N653"
654,"N654"
655,"N655"
656,"N656"
657,"N657"
658,"N658"
659,"N659"
660,"N660"
661,"N661"
662,"N662"
663,"N663"
664,"N664"
665,"N665"
666,"N666"
667,"N667"
668,"N668"
669,"N669"
670,"N670"
671,"N671"
672,"N672"
673,"N673"
674,"N674"
675,"N675"
676,"N676"
677,"N677"
678,"N678"
679,"N679"
680,"N680"
681,"N681"
682,"N682"
683,"N683"
684,"N684"
685,"N685"
686,"N686"
687,"N687"
688,"N688"
689,"N689"
690,"N690"
691,"N691"
692,"N692"
693,"N693"
694,"N694"
695,"N695"
696,"N696"
697,"N697"
698,"N698"
699,"N699"
700,"N700"
701,"N701"
702,"N702"
703,"N703"
704,"N704"
705,"N705"
706,"N706"
707,"N707"
708,"N708"
709,"N709"
710,"N710"
711,"N711"
712,"N712"
713,"N713"
714,"N714"
715,"N715"
716,"N716"
717,"N717"
718,"N718"
719,"N719"
720,"N720"
721,"N721"
722,"N722"
723,"N723"
724,"N724"
725,"N725"
726,"N726"
727,"N727"
728,"N728"
729,"N729"
730,"N730"
731,"N731"
732,"N732"
733,"N733"
734,"N734"
735,"N735"
736,"N736"
737,"N737"
738,"N738"
739,"N739"
740,"N740"
741,"N741"
742,"N742"
743,"N743"
744,"N744"
745,"N745"
746,"N746"
747,"N747"
748,"N748"
749,"N749"
750,"N750"
751,"N751"
752,"N752"
753,"N753"
754,"N754"
755,"N755"
756,"N756"
757,"N757"
758,"N758"
759,"N759"
760,"N760"
761,"N761"
762,"N762"
763,"N763"
764,"N764"
765,"N765"
766,"N766"
767,"N767"
768,"N768"
769,"N769"
770,"N770"
771,"N771"
772,"N772"
773,"N773"
774,"N774"
775,"N775"
776,"N776"
777,"N777"
778,"N778"
779,"N779"
780,"N780"
781,"N781"
782,"N782"
783,"N783"
784,"N784"
785,"N785"
786,"N786"
787,"N787"
788,"N788"
789,"N789"
790,"N790"
791,"N791"
792,"N792"
793,"N793"
794,"N794"
795,"N795"
796,"N796"
797,"N797"
798,"N798"
799,"N799"
800,"N800"
801,"N801"
802,"N802"
803,"N803"
804,"N804"
805,"N805"
806,"N806"
807,"N807"
808,"N808"
809,"N809"
810,"N810"
811,"N811"
812,"N812"
813,"N813"
814,"N814"
815,"N815"
816,"N816"
817,"N817"
818,"N818"
819,"N819"
820,"N820"
821,"N821"
822,"N822"
823,"N823"
824,"N824"
825,"N825"
826,"N826"
827,"N827"
828,"N828"
829,"N829"
830,"N830"
831,"N831"
832,"N832"
833,"N833"
834,"N834"
835,"N835"
836,"N836"
837,"N837"
838,"N838"
839,"N839"
840,"N840"
841,"N841"
842,"N842"
843,"N843"
844,"N844"
845,"N845"
846,"N846"
847,"N847"
848,"N848"
849,"N849"
850,"N850"
851,"N851"
852,"N852"
853,"N853"
854,"N854"
855,"N855"
856,"N856"
857,"N857"
858,"N858"
859,"N859"
860,"N860"
861,"N861"
862,"N862"
863,"N863"
864,"N864"
865,"N865"
866,"N866"
867,"N867"
868,"N868"
869,"N869"
870,"N870"
871,"N871"
872,"N872"
873,"N873"
874,"N874"
875,"N875"
876,"N876"
877,"N877"
878,"N878"
879,"N879"
880,"N880"
881,"N881"
882,"N882"
883,"N883"
884,"N884"
885,"N885"
886,"N886"
887,"N887"
888,"N888"
889,"N889"
890,"N890"
891,"N891"
892,"N892"
893,"N893"
894,"N894"
895,"N895"
896,"N896"
897,"N897"
898,"N898"
899,"N899"
900,"N900"
901,"N901"
902,"N902"
903,"N903"
904,"N904"
905,"N905"
906,"N906"
907,"N907"
908,"N908"
909,"N909"
910,"N910"
911,"N911"
912,"N912"
913,"N913"
914,"N914"
915,"N915"
916,"N916"
917,"N917"
918,"N918"
919,"N919"
920,"N920"
921,"N921"
922,"N922"
923,"N923"
924,"N924"
925,"N925"
926,"N926"
927,"N927"
928,"N928"
929,"N929"
930,"N930"
931,"N931"
932,"N932"
933,"N933"
934,"N934"
935,"N935"
936,"N936"
937,"N937"
938,"N938"
939,"N939"
940,"N940"
941,"N941"
942,"N942"
943,"N943"
944,"N944"
945,"N945"
946,"N946"
947,"N947"
948,"N948"
949,"N949"
950,"N950"
951,"N951"
952,"N952"
953,"N953"
954,"N954"
955,"N955"
956,"N956"
957,"N957"
958,"N958"
959,"N959"
960,"N960"
961,"N961"
962,"N962"
963,"N963"
964,"N964"
965,"N965"
966,"N966"
967,"N967"
968,"N968"
969,"N969"
970,"N970"
971,"N971"
972,"N972"
973,"N973"
974,"N974"
975,"N975"
976,"N976"
977,"N977"
978,"N978"
979,"N979"
980,"N980"
981,"N981"
982,"N982"
983,"N983"
984,"N984"
985,"N985"
986,"N986"
987,"N987"
988,"N988"
989,"N989"
990,"N990"
991,"N991"
992,"N992"
993,"N993"
994,"N994"
995,"N995"
996,"N996"
997,"N997"
998,"N998"
999,"N999"
1000,"N1000"
1001,"N1001"
1002,"N1002"
1003,"N1003"
1004,"N1004"
1005,"N1005"
1006,"N1006"
1007,"N1007"
1008,"N1008"
1009,"N1009"
1010,"N1010"
1011,"N1011"
1012,"N1012"
1013,"N1013"
1014,"N1014"
1015,"N1015"
1016,"N1016"
1017,"N1017"
1018,"N1018"
1019,"N1019"
1020,"N1020"
1021,"N1021"
1022,"N1022"
1023,"N1023"
1024,"N1024"
1025,"N1025"
1026,"N1026"
1027,"N1027"
1028,"N1028"
1029,"N1029"
1030,"N1030"
1031,"N1031"
1032,"N1032"
1033,"N1033"
1034,"N1034"
1035,"N1035"
1036,"N1036"
1037,"N1037"
1038,"N1038"
1039,"N1039"
1040,"N1040"
1041,"N1041"
1042,"N1042"
1043,"N1043"
1044,"N1044"
1045,"N1045"
1046,"N1046"
1047,"N1047"
1048,"N1048"
1049,"N1049"
1050,"N1050"
1051,"N1051"
1052,"N1052"
1053,"N1053"
1054,"N1054"
1055,"N1055"
1056,"N1056"
1057,"N1057"
1058,"N1058"
1059,"N1059"
1060,"N1060"
1061,"N1061"
1062,"N1062"
1063,"N1063"
1064,"N1064"
1065,"N1065"
1066,"N1066"
1067,"N1067"
1068,"N1068"
1069,"N1069"
1070,"N1070"
1071,"N1071"
1072,"N1072"
1073,"N1073"
1074,"N1074"
1075,"N1075"
1076,"N1076"
1077,"N1077"
1078,"N1078"
1079,"N1079"
1080,"N1080"
1081,"N1081"
1082,"N1082"
1083,"N1083"
1084,"N1084"
1085,"N1085"
1086,"N1086"
1087,"N1087"
1088,"N1088"
1089,"N1089"
1090,"N1090"
1091,"N1091"
1092,"N1092"
1093,"N1093"
1094,"N1094"
1095,"N1095"
1096,"N1096"
1097,"N1097"
1098,"N1098"
1099,"N1099"
1100,"N1100"
1101,"N1101"
1102,"N1102"
1103,"N1103"
1104,"N1104"
1105,"N1105"
1106,"N1106"
1107,"N1107"
1108,"N1108"
1109,"N1109"
1110,"N1110"
1111,"N1111"
1112,"N1112"
1113,"N1113"
1114,"N1114"
1115,"N1115"
1116,"N1116"
1117,"N1117"
1118,"N1118"
1119,"N1119"
1120,"N1120"
1121,"N1121"
1122,"N1122"
1123,"N1123"
1124,"N1124"
1125,"N1125"
1126,"N1126"
1127,"N1127"
1128,"N1128"
1129,"N1129"
1130,"N1130"
1131,"N1131"
1132,"N1132"
1133,"N1133"
1134,"N1134"
1135,"N1135"
1136,"N1136"
1137,"N1137"
1138,"N1138"
1139,"N1139"
1140,"N1140"
1141,"N1141"
1142,"N1142"
1143,"N1143"
1144,"N1144"
1145,"N1145"
1146,"N1146"
1147,"N1147"
1148,"N1148"
1149,"N1149"
1150,"N1150"
1151,"N1151"
1152,"N1152"
1153,"N1153"
1154,"N1154"
1155,"N1155"
1156,"N1156"
1157,"N1157"
1158,"N1158"
1159,"N1159"
1160,"N1160"
1161,"N1161"
1162,"N1162"
1163,"N1163"
1164,"N1164"
1165,"N1165"
1166,"N1166"
1167,"N1167"
1168,"N1168"
1169,"N1169"
1170,"N1170"
1171,"N1171"
1172,"N1172"
1173,"N1173"
1174,"N1174"
1175,"N1175"
1176,"N1176"
1177,"N1177"
1178,"N1178"
1179,"N1179"
1180,"N1180"
1181,"N1181"
1182,"N1182"
1183,"N1183"
1184,"N1184"
1185,"N1185"
1186,"N1186"
1187,"N1187"
1188,"N1188"
1189,"N1189"
1190,"N1190"
1191,"N1191"
1192,"N1192"
1193,"N1193"
1194,"N1194"
1195,"N1195"
1196,"N1196"
1197,"N1197"
1198,"N1198"
1199,"N1199"
1200,"N1200"
1201,"N1201"
1202,"N1202"
1203,"N1203"
1204,"N1204"
1205,"N1205"
1206,"N1206"
1207,"N1207"
1208,"N1208"
1209,"N1209"
1210,"N1210"
1211,"N1211"
1212,"N1212"
1213,"N1213"
1214,"N1214"
1215,"N1215"
1216,"N1216"
1217,"N1217"
1218,"N1218"
1219,"N1219"
1220,"N1220"
1221,"N1221"
1222,"N1222"
1223,"N1223"
1224,"N1224"
1225,"N1225"
1226,"N1226"
1227,"N1227"
1228,"N1228"
1229,"N1229"
1230,"N1230"
1231,"N1231"
1232,"N1232"
1233,"N1233"
1234,"N1234"
1235,"N1235"
1236,"N1236"
1237,"N1237"
1238,"N1238"
1239,"N1239"
1240,"N1240"
1241,"N1241"
1242,"N1242"
1243,"N1243"
1244,"N1244"
1245,"N1245"
1246,"N1246"
1247,"N1247"
1248,"N1248"
1249,"N1249"
1250,"N1250"
1251,"N1251"
1252,"N1252"
1253,"N1253"
1254,"N1254"
1255,"N1255"
1256,"N1256"
1257,"N1257"
1258,"N1258"
1259,"N1259"
1260,"N1260"
1261,"N1261"
1262,"N1262"
1263,"N1263"
1264,"N1264"
1265,"N1265"
1266,"N1266"
1267,"N1267"
1268,"N1268"
1269,"N1269"
1270,"N1270"
1271,"N1271"
1272,"N1272"
1273,"N1273"
1274,"N1274"
1275,"N1275"
1276,"N1276"
1277,"N1277"
1278,"N1278"
1279,"N1279"
1280,"N1280"
1281,"N1281"
1282,"N1282"
1283,"N1283"
1284,"N1284"
1285,"N1285"
1286,"N1286"
1287,"N1287"
1288,"N1288"
1289,"N1289"
1290,"N1290"
1291,"N1291"
1292,"N1292"
1293,"N1293"
1294,"N1294"
1295,"N1295"
1296,"N1296"
1297,"N1297"
1298,"N1298"
1299,"N1299"
1300,"N1300"
1301,"N1301"
1302,"N1302"
1303,"N1303"
1304,"N1304"
1305,"N1305"
1306,"N1306"
1307,"N1307"
1308,"N1308"
1309,"N1309"
1310,"N1310"
1311,"N1311"
1312,"N1312"
1313,"N1313"
1314,"N1314"
1315,"N1315"
1316,"N1316"
1317,"N1317"
1318,"N1318"
1319,"N1319"
1320,"N1320"
1321,"N1321"
1322,"N1322"
1323,"N1323"
1324,"N1324"
1325,"N1325"
1326,"N1326"
1327,"N1327"
1328,"N1328"
1329,"N1329"
1330,"N1330"
1331,"N1331"
1332,"N1332"
1333,"N1333"
1334,"N1334"
1335,"N1335"
1336,"N1336"
1337,"N1337"
1338,"N1338"
1339,"N1339"
1340,"N1340"
1341,"N1341"
1342,"N1342"
1343,"N1343"
1344,"N1344"
1345,"N1345"
1346,"N1346"
1347,"N1347"
1348,"N1348"
1349,"N1349"
1350,"N1350"
1351,"N1351"
1352,"N1352"
1353,"N1353"
1354,"N1354"
1355,"N1355"
1356,"N1356"
1357,"N1357"
1358,"N1358"
1359,"N1359"
1360,"N1360"
1361,"N1361"
1362,"N1362"
1363,"N1363"
1364,"N1364"
1365,"N1365"
1366,"N1366"
1367,"N1367"
1368,"N1368"
1369,"N1369"
1370,"N1370"
1371,"N1371"
1372,"N1372"
1373,"N1373"
1374,"N1374"
1375,"N1375"
1376,"N1376"
1377,"N1377"
1378,"N1378"
1379,"N1379"
1380,"N1380"
1381,"N1381"
1382,"N1382"
1383,"N1383"
1384,"N1384"
1385,"N1385"
1386,"N1386"
1387,"N1387"
1388,"N1388"
1389,"N1389"
1390,"N1390"
1391,"N1391"
1392,"N1392"
1393,"N1393"
1394,"N1394"
1395,"N1395"
1396,"N1396"
1397,"N1397"
1398,"N1398"
1399,"N1399"
1400,"N1400"
1401,"N1401"
1402,"N1402"
1403,"N1403"
1404,"N1404"
1405,"N1405"
1406,"N1406"
1407,"N1407"
1408,"N1408"
1409,"N1409"
1410,"N1410"
1411,"N1411"
1412,"N1412"
1413,"N1413"
1414,"N1414"
1415,"N1415"
1416,"N1416"
1417,"N1417"
1418,"N1418"
1419,"N1419"
1420,"N1420"
1421,"N1421"
1422,"N1422"
1423,"N1423"
1424,"N1424"
1425,"N1425"
1426,"N1426"
1427,"N1427"
1428,"N1428"
1429,"N1429"
1430,"N1430"
1431,"N1431"
1432,"N1432"
1433,"N1433"
1434,"N1434"
1435,"N1435"
1436,"N1436"
1437,"N1437"
1438,"N1438"
1439,"N1439"
1440,"N1440"
1441,"N1441"
1442,"N1442"
1443,"N1443"
1444,"N1444"
1445,"N1445"
1446,"N1446"
1447,"N1447"
1448,"N1448"
1449,"N1449"
1450,"N1450"
1451,"N1451"
1452,"N1452"
1453,"N1453"
1454,"N1454"
1455,"N1455"
1456,"N1456"
1457,"N1457"
1458,"N1458"
1459,"N1459"
1460,"N1460"
1461,"N1461"
1462,"N1462"
1463,"N1463"
1464,"N1464"
1465,"N1465"
1466,"N1466"
1467,"N1467"
1468,"N1468"
1469,"N1469"
1470,"N1470"
1471,"N1471"
1472,"N1472"
1473,"N1473"
1474,"N1474"
1475,"N1475"
1476,"N1476"
1477,"N1477"
1478,"N1478"
1479,"N1479"
1480,"N1480"
1481,"N1481"
1482,"N1482"
1483,"N1483"
1484,"N1484"
1485,"N1485"
1486,"N1486"
1487,"N1487"
1488,"N1488"
1489,"N1489"
1490,"N1490"
1491,"N1491"
1492,"N1492"
1493,"N1493"
1494,"N1494"
1495,"N1495"
1496,"N1496"
1497,"N1497"
1498,"N1498"
1499,"N1499"
1500,"N1500"
1501,"N1501"
1502,"N1502"
1503,"N1503"
1504,"N1504"
1505,"N1505"
1506,"N1506"
1507,"N1507"
1508,"N1508"
1509,"N1509"
1510,"N1510"
1511,"N1511"
1512,"N1512"
1513,"N1513"
1514,"N1514"
1515,"N1515"
1516,"N1516"
1517,"N1517"
1518,"N1518"
1519,"N1519"
1520,"N1520"
1521,"N1521"
1522,"N1522"
1523,"N1523"
1524,"N1524"
1525,"N1525"
1526,"N1526"
1527,"N1527"
1528,"N1528"
1529,"N1529"
1530,"N1530"
1531,"N1531"
1532,"N1532"
1533,"N1533"
1534,"N1534"
1535,"N1535"
1536,"N1536"
1537,"N1537"
1538,"N1538"
1539,"N1539"
1540,"N1540"
1541,"N1541"
1542,"N1542"
1543,"N1543"
1544,"N1544"
1545,"N1545"
1546,"N1546"
1547,"N1547"
1548,"N1548"
1549,"N1549"
1550,"N1550"
1551,"N1551"
1552,"N1552"
1553,"N1553"
1554,"N1554"
1555,"N1555"
1556,"N1556"
1557,"N1557"
1558,"N1558"
1559,"N1559"
1560,"N1560"
1561,"N1561"
1562,"N1562"
1563,"N1563"
1564,"N1564"
1565,"N1565"
1566,"N1566"
1567,"N1567"
1568,"N1568"
1569,"N1569"
1570,"N1570"
1571,"N1571"
1572,"N1572"
1573,"N1573"
1574,"N1574"
1575,"N1575"
1576,"N1576"
1577,"N1577"
1578,"N1578"
1579,"N1579"
1580,"N1580"
1581,"N1581"
1582,"N1582"
1583,"N1583"
1584,"N1584"
1585,"N1585"
1586,"N1586"
1587,"N1587"
1588,"N1588"
1589,"N1589"
1590,"N1590"
1591,"N1591"
1592,"N1592"
1593,"N1593"
1594,"N1594"
1595,"N1595"
1596,"N1596"
1597,"N1597"
1598,"N1598"
1599,"N1599"
1600,"N1600"
1601,"N1601"
1602,"N1602"
1603,"N1603"
1604,"N1604"
1605,"N1605"
1606,"N1606"
1607,"N1607"
1608,"N1608"
1609,"N1609"
1610,"N1610"
1611,"N1611"
1612,"N1612"
1613,"N1613"
1614,"N1614"
1615,"N1615"
1616,"N1616"
1617,"N1617"
1618,"N1618"
1619,"N1619"
1620,"N1620"
1621,"N1621"
1622,"N1622"
1623,"N1623"
1624,"N1624"
1625,"N1625"
1626,"N1626"
1627,"N1627"
1628,"N1628"
1629,"N1629"
1630,"N1630"
1631,"N1631"
1632,"N1632"
1633,"N1633"
1634,"N1634"
1635,"N1635"
1636,"N1636"
1637,"N1637"
1638,"N1638"
1639,"N1639"
1640,"N1640"
1641,"N1641"
1642,"N1642"
1643,"N1643"
1644,"N1644"
1645,"N1645"
1646,"N1646"
1647,"N1647"
1648,"N1648"
1649,"N1649"
1650,"N1650"
1651,"N1651"
1652,"N1652"
1653,"N1653"
1654,"N1654"
1655,"N1655"
1656,"N1656"
1657,"N1657"
1658,"N1658"
1659,"N1659"
1660,"N1660"
1661,"N1661"
1662,"N1662"
1663,"N1663"
1664,"N1664"
1665,"N1665"
1666,"N1666"
1667,"N1667"
1668,"N1668"
1669,"N1669"
1670,"N1670"
1671,"N1671"
1672,"N1672"
1673,"N1673"
1674,"N1674"
1675,"N1675"
1676,"N1676"
1677,"N1677"
1678,"N1678"
1679,"N1679"
1680,"N1680"
1681,"N1681"
1682,"N1682"
1683,"N1683"
1684,"N1684"
1685,"N1685"
1686,"N1686"
1687,"N1687"
1688,"N1688"
1689,"N1689"
1690,"N1690"
1691,"N1691"
1692,"N1692"
1693,"N1693"
1694,"N1694"
1695,"N1695"
1696,"N1696"
1697,"N1697"
1698,"N1698"
1699,"N1699"
1700,"N1700"
1701,"N1701"
1702,"N1702"
1703,"N1703"
1704,"N1704"
1705,"N1705"
1706,"N1706"
1707,"N1707"
1708,"N1708"
1709,"N1709"
1710,"N1710"
1711,"N1711"
1712,"N1712"
1713,"N1713"
1714,"N1714"
1715,"N1715"
1716,"N1716"
1717,"N1717"
1718,"N1718"
1719,"N1719"
1720,"N1720"
1721,"N1721"
1722,"N1722"
1723,"N1723"
1724,"N1724"
1725,"N1725"
1726,"N1726"
1727,"N1727"
1728,"N1728"
1729,"N1729"
1730,"N1730"
1731,"N1731"
1732,"N1732"
1733,"N1733"
1734,"N1734"
1735,"N1735"
1736,"N1736"
1737,"N1737"
1738,"N1738"
1739,"N1739"
1740,"N1740"
1741,"N1741"
1742,"N1742"
1743,"N1743"
1744,"N1744"
1745,"N1745"
1746,"N1746"
1747,"N1747"
1748,"N1748"
1749,"N1749"
1750,"N1750"
1751,"N1751"
1752,"N1752"
1753,"N1753"
1754,"N1754"
1755,"N1755"
1756,"N1756"
1757,"N1757"
1758,"N1758"
1759,"N1759"
1760,"N1760"
1761,"N1761"
1762,"N1762"
1763,"N1763"
1764,"N1764"
1765,"N1765"
1766,"N1766"
1767,"N1767"
1768,"N1768"
1769,"N1769"
1770,"N1770"
1771,"N1771"
1772,"N1772"
1773,"N1773"
1774,"N1774"
1775,"N1775"
1776,"N1776"
1777,"N1777"
1778,"N1778"
1779,"N1779"
1780,"N1780"
1781,"N1781"
1782,"N1782"
1783,"N1783"
1784,"N1784"
1785,"N1785"
1786,"N1786"
1787,"N1787"
1788,"N1788"
1789,"N1789"
1790,"N1790"
1791,"N1791"
1792,"N1792"
1793,"N1793"
1794,"N1794"
1795,"N1795"
1796,"N1796"
1797,"N1797"
1798,"N1798"
1799,"N1799"
1800,"N1800"
1801,"N1801"
1802,"N1802"
1803,"N1803"
1804,"N1804"
1805,"N1805"
1806,"N1806"
1807,"N1807"
1808,"N1808"
1809,"N1809"
1810,"N1810"
1811,"N1811"
1812,"N1812"
1813,"N1813"
1814,"N1814"
1815,"N1815"
1816,"N1816"
1817,"N1817"
1818,"N1818"
1819,"N1819"
1820,"N1820"
1821,"N1821"
1822,"N1822"
1823,"N1823"
1824,"N1824"
1825,"N1825"
1826,"N1826"
1827,"N1827"
1828,"N1828"
1829,"N1829"
1830,"N1830"
1831,"N1831"
1832,"N1832"
1833,"N1833"
1834,"N1834"
1835,"N1835"
1836,"N1836"
1837,"N1837"
1838,"N1838"
1839,"N1839"
1840,"N1840"
1841,"N1841"
1842,"N1842"
1843,"N1843"
1844,"N1844"
1845,"N1845"
1846,"N1846"
1847,"N1847"
1848,"N1848"
1849,"N1849"
1850,"N1850"
1851,"N1851"
1852,"N1852"
1853,"N1853"
1854,"N1854"
1855,"N1855"
1856,"N1856"
1857,"N1857"
1858,"N1858"
1859,"N1859"
1860,"N1860"
1861,"N1861"
1862,"N1862"
1863,"N1863"
1864,"N1864"
1865,"N1865"
1866,"N1866"
1867,"N1867"
1868,"N1868"
1869,"N1869"
1870,"N1870"
1871,"N1871"
1872,"N1872"
1873,"N1873"
1874,"N1874"
1875,"N1875"
1876,"N1876"
1877,"N1877"
1878,"N1878"
1879,"N1879"
1880,"N1880"
1881,"N1881"
1882,"N1882"
1883,"N1883"
1884,"N1884"
1885,"N1885"
1886,"N1886"
1887,"N1887"
1888,"N1888"
1889,"N1889"
1890,"N1890"
1891,"N1891"
1892,"N1892"
1893,"N1893"
1894,"N1894"
1895,"N1895"
1896,"N1896"
1897,"N1897"
1898,"N1898"
1899,"N1899"
1900,"N1900"
1901,"N1901"
1902,"N1902"
1903,"N1903"
1904,"N1904"
1905,"N1905"
1906,"N1906"
1907,"N1907"
1908,"N1908"
1909,"N1909"
1910,"N1910"
1911,"N1911"
1912,"N1912"
1913,"N1913"
1914,"N1914"
1915,"N1915"
1916,"N1916"
1917,"N1917"
1918,"N1918"
1919,"N1919"
1920,"N1920"
1921,"N1921"
1922,"N1922"
1923,"N1923"
1924,"N1924"
1925,"N1925"
1926,"N1926"
1927,"N1927"
1928,"N1928"
1929,"N1929"
1930,"N1930"
1931,"N1931"
1932,"N1932"
1933,"N1933"
1934,"N1934"
1935,"N1935"
1936,"N1936"
1937,"N1937"
1938,"N1938"
1939,"N1939"
1940,"N1940"
1941,"N1941"
1942,"N1942"
1943,"N1943"
1944,"N1944"
1945,"N1945"
1946,"N1946"
1947,"N1947"
1948,"N1948"
1949,"N1949"
1950,"N1950"
1951,"N1951"
1952,"N1952"
1953,"N1953"
1954,"N1954"
1955,"N1955"
1956,"N1956"
1957,"N1957"
1958,"N1958"
1959,"N1959"
1960,"N1960"
1961,"N1961"
1962,"N1962"
1963,"N1963"
1964,"N1964"
1965,"N1965"
1966,"N1966"
1967,"N1967"
1968,"N1968"
1969,"N1969"
1970,"N1970"
1971,"N1971"
1972,"N1972"
1973,"N1973"
1974,"N1974"
1975,"N1975"
1976,"N1976"
1977,"N1977"
1978,"N1978"
1979,"N1979"
1980,"N1980"
1981,"N1981"
1982,"N1982"
1983,"N1983"
1984,"N1984"
1985,"N1985"
1986,"N1986"
1987,"N1987"
1988,"N1988"
1989,"N1989"
1990,"N1990"
1991,"N1991"
1992,"N1992"
1993,"N1993"
1994,"N1994"
1995,"N1995"
1996,"N1996"
1997,"N1997"
1998,"N1998"
1999,"N1999"
2000,"N2000"
2001,"N2001"
2002,"N2002"
2003,"N2003"
2004,"N2004"
2005,"N2005"
2006,"N2006"
2007,"N2007"
2008,"N2008"
2009,"N2009"
2010,"N2010"
2011,"N2011"
2012,"N2012"
2013,"N2013"
2014,"N2014"
2015,"N2015"
2016,"N2016"
2017,"N2017"
2018,"N2018"
2019,"N2019"
2020,"N2020"
2021,"N2021"
2022,"N2022"
2023,"N2023"
2024,"N2024"
2025,"N2025"
2026,"N2026"
2027,"N2027"
2028,"N2028"
2029,"N2029"
2030,"N2030"
2031,"N2031"
2032,"N2032"
2033,"N2033"
2034,"N2034"
2035,"N2035"
2036,"N2036"
2037,"N2037"
2038,"N2038"
2039,"N2039"
2040,"N2040"
2041,"N2041"
2042,"N2042"
2043,"N2043"
2044,"N2044"
2045,"N2045"
2046,"N2046"
2047,"N2047"
2048,"N2048"
2049,"N2049"
2050,"N2050"
2051,"N2051"
2052,"N2052"
2053,"N2053"
2054,"N2054"
2055,"N2055"
2056,"N2056"
2057,"N2057"
2058,"N2058"
2059,"N2059"
2060,"N2060"
2061,"N2061"
2062,"N2062"
2063,"N2063"
2064,"N2064"
2065,"N2065"
2066,"N2066"
2067,"N2067"
2068,"N2068"
2069,"N2069"
2070,"N2070"
2071,"N2071"
2072,"N2072"
2073,"N2073"
2074,"N2074"
2075,"N2075"
2076,"N2076"
2077,"N2077"
2078,"N2078"
2079,"N2079"
2080,"N2080"
2081,"N2081"
2082,"N2082"
2083,"N2083"
2084,"N2084"
2085,"N2085"
2086,"N2086"
2087,"N2087"
2088,"N2088"
2089,"N2089"
2090,"N2090"
2091,"N2091"
2092,"N2092"
2093,"N2093"
2094,"N2094"
2095,"N2095"
2096,"N2096"
2097,"N2097"
2098,"N2098"
2099,"N2099"
2100,"N2100"
2101,"N2101"
2102,"N2102"
2103,"N2103"
2104,"N2104"
2105,"N2105"
2106,"N2106"
2107,"N2107"
2108,"N2108"
2109,"N2109"
2110,"N2110"
2111,"N2111"
2112,"N2112"
2113,"N2113"
2114,"N2114"
2115,"N2115"
2116,"N2116"
2117,"N2117"
2118,"N2118"
2119,"N2119"
2120,"N2120"
2121,"N2121"
2122,"N2122"
2123,"N2123"
2124,"N2124"
2125,"N2125"
2126,"N2126"
2127,"N2127"
2128,"N2128"
2129,"N2129"
2130,"N2130"
2131,"N2131"
2132,"N2132"
2133,"N2133"
2134,"N2134"
2135,"N2135"
2136,"N2136"
2137,"N2137"
2138,"N2138"
2139,"N2139"
2140,"N2140"
2141,"N2141"
2142,"N2142"
2143,"N2143"
2144,"N2144"
2145,"N2145"
2146,"N2146"
2147,"N2147"
2148,"N2148"
2149,"N2149"
2150,"N2150"
2151,"N2151"
2152,"N2152"
2153,"N2153"
2154,"N2154"
2155,"N2155"
2156,"N2156"
2157,"N2157"
2158,"N2158"
2159,"N2159"
2160,"N2160"
2161,"N2161"
2162,"N2162"
2163,"N2163"
2164,"N2164"
2165,"N2165"
2166,"N2166"
2167,"N2167"
2168,"N2168"
2169,"N2169"
2170,"N2170"
2171,"N2171"
2172,"N2172"
2173,"N2173"
2174,"N2174"
2175,"N2175"
2176,"N2176"
2177,"N2177"
2178,"N2178"
2179,"N2179"
2180,"N2180"
2181,"N2181"
2182,"N2182"
2183,"N2183"
2184,"N2184"
2185,"N2185"
2186,"N2186"
2187,"N2187"
2188,"N2188"
2189,"N2189"
2190,"N2190"
2191,"N2191"
2192,"N2192"
2193,"N2193"
2194,"N2194"
2195,"N2195"
2196,"N2196"
2197,"N2197"
2198,"N2198"
2199,"N2199"
2200,"N2200"
2201,"N2201"
2202,"N2202"
2203,"N2203"
2204,"N2204"
2205,"N2205"
2206,"N2206"
2207,"N2207"
2208,"N2208"
2209,"N2209"
2210,"N2210"
2211,"N2211"
2212,"N2212"
2213,"N2213"
2214,"N2214"
2215,"N2215"
2216,"N2216"
2217,"N2217"
2218,"N2218"
2219,"N2219"
2220,"N2220"
2221,"N2221"
2222,"N2222"
2223,"N2223"
2224,"N2224"
2225,"N2225"
2226,"N2226"
2227,"N2227"
2228,"N2228"
2229,"N2229"
2230,"N2230"
2231,"N2231"
2232,"N2232"
2233,"N2233"
2234,"N2234"
2235,"N2235"
2236,"N2236"
2237,"N2237"
2238,"N2238"
2239,"N2239"
2240,"N2240"
2241,"N2241"
2242,"N2242"
2243,"N2243"
2244,"N2244"
2245,"N2245"
2246,"N2246"
2247,"N2247"
2248,"N2248"
2249,"N2249"
2250,"N2250"
2251,"N2251"
2252,"N2252"
2253,"N2253"
2254,"N2254"
2255,"N2255"
2256,"N2256"
2257,"N2257"
2258,"N2258"
2259,"N2259"
2260,"N2260"
2261,"N2261"
2262,"N2262"
2263,"N2263"
2264,"N2264"
2265,"N2265"
2266,"N2266"
2267,"N2267"
2268,"N2268"
2269,"N2269"
2270,"N2270"
2271,"N2271"
2272,"N2272"
2273,"N2273"
2274,"N2274"
2275,"N2275"
2276,"N2276"
2277,"N2277"
2278,"N2278"
2279,"N2279"
2280,"N2280"
2281,"N2281"
2282,"N2282"
2283,"N2283"
2284,"N2284"
2285,"N2285"
2286,"N2286"
2287,"N2287"
2288,"N2288"
2289,"N2289"
2290,"N2290"
2291,"N2291"
2292,"N2292"
2293,"N2293"
2294,"N2294"
2295,"N2295"
2296,"N2296"
2297,"N2297"
2298,"N2298"
2299,"N2299"
2300,"N2300"
2301,"N2301"
2302,"N2302"
2303,"N2303"
2304,"N2304"
2305,"N2305"
2306,"N2306"
2307,"N2307"
2308,"N2308"
2309,"N2309"
2310,"N2310"
2311,"N2311"
2312,"N2312"
2313,"N2313"
2314,"N2314"
2315,"N2315"
2316,"N2316"
2317,"N2317"
2318,"N2318"
2319,"N2319"
2320,"N2320"
2321,"N2321"
2322,"N2322"
2323,"N2323"
2324,"N2324"
2325,"N2325"
2326,"N2326"
2327,"N2327"
2328,"N2328"
2329,"N2329"
2330,"N2330"
2331,"N2331"
2332,"N2332"
2333,"N2333"
2334,"N2334"
2335,"N2335"
2336,"N2336"
2337,"N2337"
2338,"N2338"
2339,"N2339"
2340,"N2340"
2341,"N2341"
2342,"N2342"
2343,"N2343"
2344,"N2344"
2345,"N2345"
2346,"N2346"
2347,"N2347"
2348,"N2348"
2349,"N2349"
2350,"N2350"
2351,"N2351"
2352,"N2352"
2353,"N2353"
2354,"N2354"
2355,"N2355"
2356,"N2356"
2357,"N2357"
2358,"N2358"
2359,"N2359"
2360,"N2360"
2361,"N2361"
2362,"N2362"
2363,"N2363"
2364,"N2364"
2365,"N2365"
2366,"N2366"
2367,"N2367"
2368,"N2368"
2369,"N2369"
2370,"N2370"
2371,"N2371"
2372,"N2372"
2373,"N2373"
2374,"N2374"
2375,"N2375"
2376,"N2376"
2377,"N2377"
2378,"N2378"
2379,"N2379"
2380,"N2380"
2381,"N2381"
2382,"N2382"
2383,"N2383"
2384,"N2384"
2385,"N2385"
2386,"N2386"
2387,"N2387"
2388,"N2388"
2389,"N2389"
2390,"N2390"
2391,"N2391"
2392,"N2392"
2393,"N2393"
2394,"N2394"
2395,"N2395"
2396,"N2396"
2397,"N2397"
2398,"N2398"
2399,"N2399"
2400,"N2400"
2401,"N2401"
2402,"N2402"
2403,"N2403"
2404,"N2404"
2405,"N2405"
2406,"N2406"
2407,"N2407"
2408,"N2408"
2409,"N2409"
2410,"N2410"
2411,"N2411"
2412,"N2412"
2413,"N2413"
2414,"N2414"
2415,"N2415"
2416,"N2416"
2417,"N2417"
2418,"N2418"
2419,"N2419"
2420,"N2420"
2421,"N2421"
2422,"N2422"
2423,"N2423"
2424,"N2424"
2425,"N2425"
2426,"N2426"
2427,"N2427"
2428,"N2428"
2429,"N2429"
2430,"N2430"
2431,"N2431"
2432,"N2432"
2433,"N2433"
2434,"N2434"
2435,"N2435"
2436,"N2436"
2437,"N2437"
2438,"N2438"
2439,"N2439"
2440,"N2440"
2441,"N2441"
2442,"N2442"
2443,"N2443"
2444,"N2444"
2445,"N2445"
2446,"N2446"
2447,"N2447"
2448,"N2448"
2449,"N2449"
2450,"N2450"
2451,"N2451"
2452,"N2452"
2453,"N2453"
2454,"N2454"
2455,"N2455"
2456,"N2456"
2457,"N2457"
2458,"N2458"
2459,"N2459"
2460,"N2460"
2461,"N2461"
2462,"N2462"
2463,"N2463"
2464,"N2464"
2465,"N2465"
2466,"N2466"
2467,"N2467"
2468,"N2468"
2469,"N2469"
2470,"N2470"
2471,"N2471"
2472,"N2472"
2473,"N2473"
2474,"N2474"
2475,"N2475"
2476,"N2476"
2477,"N2477"
2478,"N2478"
2479,"N2479"
2480,"N2480"
2481,"N2481"
2482,"N2482"
2483,"N2483"
2484,"N2484"
2485,"N2485"
2486,"N2486"
2487,"N2487"
2488,"N2488"
2489,"N2489"
2490,"N2490"
2491,"N2491"
2492,"N2492"
2493,"N2493"
2494,"N2494"
2495,"N2495"
2496,"N2496"
2497,"N2497"
2498,"N2498"
2499,"N2499"
2500,"N2500"
2501,"N2501"
2502,"N2502"
2503,"N2503"
2504,"N2504"
2505,"N2505"
2506,"N2506"
2507,"N2507"
2508,"N2508"
2509,"N2509"
2510,"N2510"
2511,"N2511"
2512,"N2512"
2513,"N2513"
2514,"N2514"
2515,"N2515"
2516,"N2516"
2517,"N2517"
2518,"N2518"
2519,"N2519"
2520,"N2520"
2521,"N2521"
2522,"N2522"
2523,"N2523"
2524,"N2524"
2525,"N2525"
2526,"N2526"
2527,"N2527"
2528,"N2528"
2529,"N2529"
2530,"N2530"
2531,"N2531"
2532,"N2532"
2533,"N2533"
2534,"N2534"
2535,"N2535"
2536,"N2536"
2537,"N2537"
2538,"N2538"
2539,"N2539"
2540,"N2540"
2541,"N2541"
2542,"N2542"
2543,"N2543"
2544,"N2544"
2545,"N2545"
2546,"N2546"
2547,"N2547"
2548,"N2548"
2549,"N2549"
2550,"N2550"
2551,"N2551"
2552,"N2552"
2553,"N2553"
2554,"N2554"
2555,"N2555"
2556,"N2556"
2557,"N2557"
2558,"N2558"
2559,"N2559"
2560,"N2560"
2561,"N2561"
2562,"N2562"
2563,"N2563"
2564,"N2564"
2565,"N2565"
2566,"N2566"
2567,"N2567"
2568,"N2568"
2569,"N2569"
2570,"N2570"
2571,"N2571"
2572,"N2572"
2573,"N2573"
2574,"N2574"
2575,"N2575"
2576,"N2576"
2577,"N2577"
2578,"N2578"
2579,"N2579"
2580,"N2580"
2581,"N2581"
2582,"N2582"
2583,"N2583"
2584,"N2584"
2585,"N2585"
2586,"N2586"
2587,"N2587"
2588,"N2588"
2589,"N2589"
2590,"N2590"
2591,"N2591"
2592,"N2592"
2593,"N2593"
2594,"N2594"
2595,"N2595"
2596,"N2596"
2597,"N2597"
2598,"N2598"
2599,"N2599"
2600,"N2600"
2601,"N2601"
2602,"N2602"
2603,"N2603"
2604,"N2604"
2605,"N2605"
2606,"N2606"
2607,"N2607"
2608,"N2608"
2609,"N2609"
2610,"N2610"
2611,"N2611"
2612,"N2612"
2613,"N2613"
2614,"N2614"
2615,"N2615"
2616,"N2616"
2617,"N2617"
2618,"N2618"
2619,"N2619"
2620,"N2620"
2621,"N2621"
2622,"N2622"
2623,"N2623"
2624,"N2624"
2625,"N2625"
2626,"N2626"
2627,"N2627"
2628,"N2628"
2629,"N2629"
2630,"N2630"
2631,"N2631"
2632,"N2632"
2633,"N2633"
2634,"N2634"
2635,"N2635"
2636,"N2636"
2637,"N2637"
2638,"N2638"
2639,"N2639"
2640,"N2640"
2641,"N2641"
2642,"N2642"
2643,"N2643"
2644,"N2644"
2645,"N2645"
2646,"N2646"
2647,"N2647"
2648,"N2648"
2649,"N2649"
2650,"N2650"
2651,"N2651"
2652,"N2652"
2653,"N2653"
2654,"N2654"
2655,"N2655"
2656,"N2656"
2657,"N2657"
2658,"N2658"
2659,"N2659"
2660,"N2660"
2661,"N2661"
2662,"N2662"
2663,"N2663"
2664,"N2664"
2665,"N2665"
2666,"N2666"
2667,"N2667"
2668,"N2668"
2669,"N2669"
2670,"N2670"
2671,"N2671"
2672,"N2672"
2673,"N2673"
2674,"N2674"
2675,"N2675"
2676,"N2676"
2677,"N2677"
2678,"N2678"
2679,"N2679"
2680,"N2680"
2681,"N2681"
2682,"N2682"
2683,"N2683"
2684,"N2684"
2685,"N2685"
2686,"N2686"
2687,"N2687"
2688,"N2688"
2689,"N2689"
2690,"N2690"
2691,"N2691"
2692,"N2692"
2693,"N2693"
2694,"N2694"
2695,"N2695"
2696,"N2696"
2697,"N2697"
2698,"N2698"
2699,"N2699"
2700,"N2700"
2701,"N2701"
2702,"N2702"
2703,"N2703"
2704,"N2704"
2705,"N2705"
2706,"N2706"
2707,"N2707"
2708,"N2708"
2709,"N2709"
2710,"N2710"
2711,"N2711"
2712,"N2712"
2713,"N2713"
2714,"N2714"
2715,"N2715"
2716,"N2716"
2717,"N2717"
2718,"N2718"
2719,"N2719"
2720,"N2720"
2721,"N2721"
2722,"N2722"
2723,"N2723"
2724,"N2724"
2725,"N2725"
2726,"N2726"
2727,"N2727"
2728,"N2728"
2729,"N2729"
2730,"N2730"
2731,"N2731"
2732,"N2732"
2733,"N2733"
2734,"N2734"
2735,"N2735"
2736,"N2736"
2737,"N2737"
2738,"N2738"
2739,"N2739"
2740,"N2740"
2741,"N2741"
2742,"N2742"
2743,"N2743"
2744,"N2744"
2745,"N2745"
2746,"N2746"
2747,"N2747"
2748,"N2748"
2749,"N2749"
2750,"N2750"
2751,"N2751"
2752,"N2752"
2753,"N2753"
2754,"N2754"
2755,"N2755"
2756,"N2756"
2757,"N2757"
2758,"N2758"
2759,"N2759"
2760,"N2760"
2761,"N2761"
2762,"N2762"
2763,"N2763"
2764,"N2764"
2765,"N2765"
2766,"N2766"
2767,"N2767"
2768,"N2768"
2769,"N2769"
2770,"N2770"
2771,"N2771"
2772,"N2772"
2773,"N2773"
2774,"N2774"
2775,"N2775"
2776,"N2776"
2777,"N2777"
2778,"N2778"
2779,"N2779"
2780,"N2780"
2781,"N2781"
2782,"N2782"
2783,"N2783"
2784,"N2784"
2785,"N2785"
2786,"N2786"
2787,"N2787"
2788,"N2788"
2789,"N2789"
2790,"N2790"
2791,"N2791"
2792,"N2792"
2793,"N2793"
2794,"N2794"
2795,"N2795"
2796,"N2796"
2797,"N2797"
2798,"N2798"
2799,"N2799"
2800,"N2800"
2801,"N2801"
2802,"N2802"
2803,"N2803"
2804,"N2804"
2805,"N2805"
2806,"N2806"
2807,"N2807"
2808,"N2808"
2809,"N2809"
2810,"N2810"
2811,"N2811"
2812,"N2812"
2813,"N2813"
2814,"N2814"
2815,"N2815"
2816,"N2816"
2817,"N2817"
2818,"N2818"
2819,"N2819"
2820,"N2820"
2821,"N2821"
2822,"N2822"
2823,"N2823"
2824,"N2824"
2825,"N2825"
2826,"N2826"
2827,"N2827"
2828,"N2828"
2829,"N2829"
2830,"N2830"
2831,"N2831"
2832,"N2832"
2833,"N2833"
2834,"N2834"
2835,"N2835"
2836,"N2836"
2837,"N2837"
2838,"N2838"
2839,"N2839"
2840,"N2840"
2841,"N2841"
2842,"N2842"
2843,"N2843"
2844,"N2844"
2845,"N2845"
2846,"N2846"
2847,"N2847"
2848,"N2848"
2849,"N2849"
2850,"N2850"
2851,"N2851"
2852,"N2852"
2853,"N2853"
2854,"N2854"
2855,"N2855"
2856,"N2856"
2857,"N2857"
2858,"N2858"
2859,"N2859"
2860,"N2860"
2861,"N2861"
2862,"N2862"
2863,"N2863"
2864,"N2864"
2865,"N2865"
2866,"N2866"
2867,"N2867"
2868,"N2868"
2869,"N2869"
2870,"N2870"
2871,"N2871"
2872,"N2872"
2873,"N2873"
2874,"N2874"
2875,"N2875"
2876,"N2876"
2877,"N2877"
2878,"N2878"
2879,"N2879"
2880,"N2880"
2881,"N2881"
2882,"N2882"
2883,"N2883"
2884,"N2884"
2885,"N2885"
2886,"N2886"
2887,"N2887"
2888,"N2888"
2889,"N2889"
2890,"N2890"
2891,"N2891"
2892,"N2892"
2893,"N2893"
2894,"N2894"
2895,"N2895"
2896,"N2896"
2897,"N2897"
2898,"N2898"
2899,"N2899"
2900,"N2900"
2901,"N2901"
2902,"N2902"
2903,"N2903"
2904,"N2904"
2905,"N2905"
2906,"N2906"
2907,"N2907"
2908,"N2908"
2909,"N2909"
2910,"N2910"
2911,"N2911"
2912,"N2912"
2913,"N2913"
2914,"N2914"
2915,"N2915"
2916,"N2916"
2917,"N2917"
2918,"N2918"
2919,"N2919"
2920,"N2920"
2921,"N2921"
2922,"N2922"
2923,"N2923"
2924,"N2924"
2925,"N2925"
2926,"N2926"
2927,"N2927"
2928,"N2928"
2929,"N2929"
2930,"N2930"
2931,"N2931"
2932,"N2932"
2933,"N2933"
2934,"N2934"
2935,"N2935"
2936,"N2936"
2937,"N2937"
2938,"N2938"
2939,"N2939"
2940,"N2940"
2941,"N2941"
2942,"N2942"
2943,"N2943"
2944,"N2944"
2945,"N2945"
2946,"N2946"
2947,"N2947"
2948,"N2948"
2949,"N2949"
2950,"N2950"
2951,"N2951"
2952,"N2952"
2953,"N2953"
2954,"N2954"
2955,"N2955"
2956,"N2956"
2957,"N2957"
2958,"N2958"
2959,"N2959"
2960,"N2960"
2961,"N2961"
2962,"N2962"
2963,"N2963"
2964,"N2964"
2965,"N2965"
2966,"N2966"
2967,"N2967"
2968,"N2968"
2969,"N2969"
2970,"N2970"
2971,"N2971"
2972,"N2972"
2973,"N2973"
2974,"N2974"
2975,"N2975"
2976,"N2976"
2977,"N2977"
2978,"N2978"
2979,"N2979"
2980,"N2980"
2981,"N2981"
2982,"N2982"
2983,"N2983"
2984,"N2984"
2985,"N2985"
2986,"N2986"
2987,"N2987"
2988,"N2988"
2989,"N2989"
2990,"N2990"
2991,"N2991"
2992,"N2992"
2993,"N2993"
2994,"N2994"
2995,"N2995"
2996,"N2996"
2997,"N2997"
2998,"N2998"
2999,"N2999"
3000,"N3000"